<?xml version="1.0" encoding="UTF-8"?>
<!DOCTYPE hibernate-configuration PUBLIC
        "-//Hibernate/Hibernate Configuration DTD 3.0//EN"
        "http://hibernate.org/dtd/hibernate-configuration-3.0.dtd">
<hibernate-configuration>
    <session-factory>
        <property name="hibernate.connection.driver_class">com.mysql.jdbc.Driver</property>
        <property name="hibernate.connection.url">jdbc:mysql://localhost:3306/springmvc</property>
        <property name="hibernate.connection.username">root</property>
        <property name="hibernate.connection.password"></property>
        
        <!-- JDBC connection pool (use the built-in -->
        <property name="hibernate.connection.pool_size">1</property>
        <property name="hibernate.current_session_context_class">thread</property>
        <property name="hibernate.show_sql">true</property>
        
        <!-- SQL dialect -->
        <property name="hibernate.dialect">org.hibernate.dialect.MySQLDialect</property>
		
		<!-- Disable the second-level cache -->
		<property name="cache.provider_class">org.hibernate.cache.NoCacheProvider</property>
		 
		<!-- Drop the exiting tables and create new one -->
		<!-- <property name="hbm2ddl.auto">create</property>-->
		
		<!-- Mention here all the model classes along with their package name -->
        <mapping class="com.neperiagroup.spring.hibernate.User" />
    </session-factory>
</hibernate-configuration>